videoname,label,original
aaagqkcdis.mp4,FAKE,eklsrnkwog.mp4
aabjfjbpir.mp4,FAKE,vlyapolayz.mp4
aabyjxwqyo.mp4,FAKE,ppulbuhtsc.mp4
aaedrqeumd.mp4,FAKE,jgrtpfnlks.mp4
aaeoalihgj.mp4,FAKE,wewvgopijp.mp4
aagfhgtpmv.mp4,FAKE,vudstovrck.mp4
aaghqpewzx.mp4,FAKE,mnfuffsfjl.mp4
aagnpclvlz.mp4,FAKE,lpspyejhsx.mp4
aahgdqgozs.mp4,FAKE,ggsdtwymbi.mp4
aahsnkchkz.mp4,FAKE,whurggewea.mp4
aapqbyzjws.mp4,FAKE,oimivjeigb.mp4
aasobppfwe.mp4,FAKE,vjjcivyfgq.mp4
aaspwgdcxx.mp4,FAKE,wsxnvbobyw.mp4
aatzuimcwr.mp4,FAKE,hlxgwlqtde.mp4
aaujbbfhqu.mp4,FAKE,qiyzfjrloz.mp4
aawwkinixp.mp4,FAKE,qgfztfdjeo.mp4
aaytftgoxe.mp4,FAKE,nrbwzpkatu.mp4
aayzrphjgr.mp4,FAKE,tjfjyispfe.mp4
aazeuxonse.mp4,FAKE,ubscyrnxsp.mp4
abbazlhmhz.mp4,FAKE,tyvehspuil.mp4
abdhebzuzt.mp4,FAKE,mimxcyfnpj.mp4
abemqhiuki.mp4,FAKE,uxtnooctnv.mp4
abgjveinnv.mp4,FAKE,cyzuxgsgck.mp4
abgmiyhtth.mp4,FAKE,wftoukwgtk.mp4
abgunexqlc.mp4,FAKE,umrvsrftms.mp4
abhggqdift.mp4,FAKE,aayrffkzxn.mp4
abiotberut.mp4,FAKE,iwfqatwnfa.mp4
abiyemtwhw.mp4,FAKE,qajvbvmsyx.mp4
abjeigrfib.mp4,FAKE,dxmcnxzrkc.mp4
abjguhkhki.mp4,FAKE,uropdnfcxp.mp4
abjpggtrck.mp4,FAKE,yhjsxvfynx.mp4
abktvzahwq.mp4,FAKE,bfqgcgygsw.mp4
ablzpwqhcc.mp4,FAKE,eifretwgfd.mp4
abmtcpjxdi.mp4,FAKE,wwbbevqdac.mp4
abnrklaglv.mp4,FAKE,mferfrsajs.mp4
abpynckiti.mp4,FAKE,esjrjzrfeg.mp4
abqqjjoabz.mp4,FAKE,xmewblvhmq.mp4
abszlbwsaz.mp4,FAKE,nseapxuzsx.mp4
abvbbhojqz.mp4,FAKE,thkdzpjesm.mp4
abwijcvcbe.mp4,FAKE,neotrnwthu.mp4
abymaaihkj.mp4,FAKE,isaruzcdxp.mp4
abysizqmso.mp4,FAKE,iqokmoltrr.mp4
abzelcbnya.mp4,FAKE,mcrhgksove.mp4
acagallncj.mp4,FAKE,fzvpbrzssi.mp4
accfrqkrni.mp4,FAKE,yhcnxzcbds.mp4
acdkfksyev.mp4,FAKE,qyqufaskjs.mp4
acerazhyvo.mp4,FAKE,lipwxxllue.mp4
acfwxwjowu.mp4,FAKE,gvqtciuapu.mp4
acgfnrikwu.mp4,FAKE,xwbussrpzh.mp4
acgnyiipuz.mp4,FAKE,digadpqbnq.mp4
achekamhkd.mp4,FAKE,yyfknjxaey.mp4
acidsbcssr.mp4,FAKE,ngmwybhzoc.mp4
aciykyosuy.mp4,FAKE,ldefkanmkf.mp4
acjjzzvzvg.mp4,FAKE,kxtlzlwfsa.mp4
acjwdlpzob.mp4,FAKE,bgbkogrfys.mp4
acjxjweexj.mp4,FAKE,fxnlsfrytb.mp4
acksouhbrc.mp4,FAKE,cfygpieygr.mp4
acljgkyckk.mp4,FAKE,qvfbnjvznm.mp4
aclwcilmvu.mp4,FAKE,ehhctgbaoo.mp4
acmbupnrjx.mp4,FAKE,kphqopmkgn.mp4
acmprtiljv.mp4,FAKE,tzvimvnydj.mp4
acovzzymlu.mp4,FAKE,saalbotqyo.mp4
acpaumltcm.mp4,FAKE,bqruljgfil.mp4
acpiobctdt.mp4,FAKE,obmjcklysy.mp4
acqawykwfs.mp4,FAKE,bjhftvzdoz.mp4
acqfdwsrhi.mp4,FAKE,ccfoszqabv.mp4
acquouyxco.mp4,FAKE,usrvunyylx.mp4
actodakupb.mp4,FAKE,xkxyusmczj.mp4
acysbfbfnz.mp4,FAKE,gssebutvff.mp4
acyyvmziij.mp4,FAKE,ofnybrddzx.mp4
aczrqatleo.mp4,FAKE,bisyqoikns.mp4
adarbftbnt.mp4,FAKE,jiscrkliic.mp4
adblmfjbta.mp4,FAKE,fcqoeufwso.mp4
addkktdymg.mp4,FAKE,bwlswdbfwv.mp4
addyjceutz.mp4,FAKE,vrdugvoufo.mp4
adedomkndn.mp4,FAKE,vmgygpnqze.mp4
adfteyuomy.mp4,FAKE,ygyhurweua.mp4
adioaqyble.mp4,FAKE,jvmhslmnrn.mp4
adkvpprwcz.mp4,FAKE,ekreepcbid.mp4
adnhkwloas.mp4,FAKE,ikykohofor.mp4
adohikbdaz.mp4,FAKE,qjlhemtkxk.mp4
adprabxmos.mp4,FAKE,bpggmrcdbr.mp4
adqirczghu.mp4,FAKE,hyqhqaosfl.mp4
adybvfykyw.mp4,FAKE,mbgwfdosas.mp4
adyiotxxxu.mp4,FAKE,shyjwprsso.mp4
adylpmghhr.mp4,FAKE,chdbnyxful.mp4
adywyvayvj.mp4,FAKE,quvknldsar.mp4
adzogkbmuo.mp4,FAKE,dwsbuqxcbh.mp4
adzxmqarac.mp4,FAKE,aqyvunegbf.mp4
aebafchtks.mp4,FAKE,iqrixqebob.mp4
aebaxxepmo.mp4,FAKE,fqvdqipioh.mp4
aebgvmafzx.mp4,FAKE,uihudeajwz.mp4
aeclidpgbb.mp4,FAKE,hkvsvxxade.mp4
aecmpgzdbs.mp4,FAKE,hjsnigzjjw.mp4
aectxtnhws.mp4,FAKE,ifdxdslmat.mp4
aeejycxkwb.mp4,FAKE,ziricwvglw.mp4
aeendqqdkv.mp4,FAKE,nsanaxscsx.mp4
aelzhcnwgf.mp4,FAKE,qzimuostzz.mp4
aendggysgf.mp4,FAKE,zneydxtaie.mp4
aenfqtmksu.mp4,FAKE,vwdbfqebag.mp4
aeofbjgjgb.mp4,FAKE,pafdypymzz.mp4
aeovzefbpr.mp4,FAKE,xrhqtmxlvx.mp4
aeplbqxnge.mp4,FAKE,mfcfhhxzif.mp4
aeqpxjlbwu.mp4,FAKE,qarqtkvgby.mp4
aeqslfyyih.mp4,FAKE,joadtqvfwc.mp4
aerpisvqwx.mp4,FAKE,tlxgwzheli.mp4
aewplvpush.mp4,FAKE,nyewjwqiaa.mp4
aexvjvqmsj.mp4,FAKE,zlnofgtmzv.mp4
aezvgaqjpf.mp4,FAKE,qzjpcshjjr.mp4
afakjxsove.mp4,FAKE,xlztcepaup.mp4
afbjhgoqcz.mp4,FAKE,sjvrkhnccp.mp4
afbscszraw.mp4,FAKE,evhwvefsle.mp4
afemctlakq.mp4,FAKE,wdncfnhwto.mp4
afexcmhzxn.mp4,FAKE,havlqxqnno.mp4
afgmszwvvg.mp4,FAKE,qccyrzyylf.mp4
afgynkcgrs.mp4,FAKE,mandzsjlgl.mp4
afnfgunwvj.mp4,FAKE,wfjcilxofl.mp4
afnkxiexxj.mp4,FAKE,drytosluag.mp4
afoebgprva.mp4,FAKE,hmfrtgexuj.mp4
afqobtsxpk.mp4,FAKE,icnpurvfnv.mp4
afrgmowivl.mp4,FAKE,frbhfojsry.mp4
afrwahmczi.mp4,FAKE,bxhyaulwtg.mp4
afsrjsoyyn.mp4,FAKE,psbmqhbixe.mp4
afsudznjfa.mp4,FAKE,iqokmoltrr.mp4
afwxvdwyuc.mp4,FAKE,zwjbdovqfm.mp4
afwzbrfqbs.mp4,FAKE,pxsxcohmkm.mp4
afxuuxmywr.mp4,FAKE,ghurwsplvw.mp4
afzcqkgcgl.mp4,FAKE,llcbayaaol.mp4
agdvzcriwo.mp4,FAKE,qrbwcoklmh.mp4
aghcwdjoye.mp4,FAKE,mabyqmpwbc.mp4
agilfnldve.mp4,FAKE,pmciczkrmq.mp4
agkkrpggrh.mp4,FAKE,nnnfgwzbru.mp4
agkpbfcpiv.mp4,FAKE,vbmlhiuiof.mp4
agnhfoufjd.mp4,FAKE,jtbnxquvmb.mp4
agnhouokqg.mp4,FAKE,rxqsisvdgf.mp4
agorzaxkul.mp4,FAKE,dsshsqhwyq.mp4
agrqzohqhx.mp4,FAKE,xlyxbyhjsq.mp4
aguxpzvexp.mp4,FAKE,feqbzkgihs.mp4
agvqqmsyvo.mp4,FAKE,kokzykdryo.mp4
agwbtwcwwq.mp4,FAKE,dshgmpqmxa.mp4
agyawnxlmv.mp4,FAKE,ncjqganhal.mp4
agycsxhdjp.mp4,FAKE,vuccfkcimf.mp4
agyrefuzye.mp4,FAKE,olruhyohvl.mp4
agyvsqfpcd.mp4,FAKE,vugjrmqphs.mp4
ahbrmguujk.mp4,FAKE,vzbdwilegq.mp4
ahbweevwpv.mp4,FAKE,dkuayagnmc.mp4
ahdbuwqxit.mp4,FAKE,jomvcqqars.mp4
ahdjlkjoiy.mp4,FAKE,bzyznixpio.mp4
ahepenxrrd.mp4,FAKE,sxxksrnvld.mp4
ahhwcjandn.mp4,FAKE,aqyvunegbf.mp4
ahihejgaoi.mp4,FAKE,dcwokudqws.mp4
ahjnugetia.mp4,FAKE,xfdjdsvdoq.mp4
ahksrawlnz.mp4,FAKE,zpompmamlx.mp4
ahlkrjkpvd.mp4,FAKE,cjgmkstamu.mp4
ahqbzhlgfd.mp4,FAKE,zjnrllmowq.mp4
ahqgxlxnwq.mp4,FAKE,htjhybnluy.mp4
ahrigbsxpt.mp4,FAKE,nonwqkyict.mp4
ahxiodzlfq.mp4,FAKE,ulofgxniva.mp4
ahxmhugdvi.mp4,FAKE,bkbflitext.mp4
ailwalkorh.mp4,FAKE,cvoxjflaxg.mp4
ailyhemgyh.mp4,FAKE,qalidvxrjo.mp4
aimzesksew.mp4,FAKE,exseruhiuk.mp4
aiodnwhjvu.mp4,FAKE,huczrcdasm.mp4
aipkhjqodg.mp4,FAKE,cwcvkwidcc.mp4
aisjmesfqi.mp4,FAKE,fwrvxpcliu.mp4
aisncatiyp.mp4,FAKE,ivseovsjux.mp4
aisumjkudv.mp4,FAKE,dokufsogvh.mp4
aitisdvlut.mp4,FAKE,brinacubmg.mp4
aiuutdsmpd.mp4,FAKE,mvmbdizipz.mp4
aiwvljvnzz.mp4,FAKE,qrnmvmbqxo.mp4
aixiawohqn.mp4,FAKE,kjyjavqbsn.mp4
ajajvcjnlm.mp4,FAKE,aupunxljjw.mp4
ajazyuaoef.mp4,FAKE,srncaxcnfm.mp4
ajcxyezjol.mp4,FAKE,lmbvoxhowe.mp4
ajintjubct.mp4,FAKE,syuroytdoc.mp4
ajiyjjalau.mp4,FAKE,syzrwrglkl.mp4
ajkrquvpzn.mp4,FAKE,fllccgwlhc.mp4
ajmtlbipdg.mp4,FAKE,afqhjqevie.mp4
ajmvszeaho.mp4,FAKE,vrlrtwlwqy.mp4
ajnbiohajd.mp4,FAKE,kdgttslitt.mp4
ajpleysqnb.mp4,FAKE,cgdsxnytwc.mp4
ajqwsgiisn.mp4,FAKE,gtfwmnswmg.mp4
ajxmlhcsqa.mp4,FAKE,elyyepyjrz.mp4
ajybacpqmc.mp4,FAKE,qmifyvokds.mp4
ajywrgjetn.mp4,FAKE,oramozyimv.mp4
akblhteskx.mp4,FAKE,hipedsudqh.mp4
akcnpwdjjk.mp4,FAKE,pnwbmckzuh.mp4
akcogqlmdd.mp4,FAKE,qyxlicusfv.mp4
akgueokfzl.mp4,FAKE,jiylosgavl.mp4
akgyyniqoz.mp4,FAKE,wfvipujbic.mp4
akihstbduv.mp4,FAKE,tggvkvjppv.mp4
akkewboafl.mp4,FAKE,ngmwybhzoc.mp4
alabtogcpi.mp4,FAKE,edjhsiympc.mp4
alceyaduzi.mp4,FAKE,aoeuvrhatp.mp4
alclpnubdd.mp4,FAKE,qmworbjopm.mp4
aldxnorbdp.mp4,FAKE,myvwyfdnxu.mp4
alexkuuatd.mp4,FAKE,iwthiaarpj.mp4
alhqvmlmfm.mp4,FAKE,nmusooihlb.mp4
alihirtwnd.mp4,FAKE,hmvxepafig.mp4
aliiokxvrj.mp4,FAKE,cpvhgylffq.mp4
xqsivexncg.mp4,REAL,
vhvtjsiirh.mp4,REAL,
flxkagsdek.mp4,REAL,
fczgjceyjq.mp4,REAL,
gpcwattrnd.mp4,REAL,
actlcrgiug.mp4,REAL,
sdudnjwzyh.mp4,REAL,
eigrxcetcn.mp4,REAL,
hvsrsmixku.mp4,REAL,
bxmlvyjhkm.mp4,REAL,
mwlwlieswy.mp4,REAL,
jutaplgsnv.mp4,REAL,
udbjrvwqmr.mp4,REAL,
ggoqgxhzri.mp4,REAL,
uznzhtokgq.mp4,REAL,
qemzklmumc.mp4,REAL,
ppvqtfbccs.mp4,REAL,
kqbstqpdst.mp4,REAL,
odatzdeavb.mp4,REAL,
bqckuzlrar.mp4,REAL,
frcirqezzm.mp4,REAL,
nzrbkxjcqr.mp4,REAL,
didpqxskqw.mp4,REAL,
aggepsqvqg.mp4,REAL,
fpnhbgiuej.mp4,REAL,
aucdquhxmk.mp4,REAL,
pwkmgeuolb.mp4,REAL,
jasopzrspq.mp4,REAL,
vairuzvydz.mp4,REAL,
tqaaxebfgr.mp4,REAL,
dqwliuxich.mp4,REAL,
fqiteoiyda.mp4,REAL,
nwiwdmkkwn.mp4,REAL,
idqxefeyno.mp4,REAL,
ifmowsvnxs.mp4,REAL,
tedhmsrlsv.mp4,REAL,
vmybacvzdx.mp4,REAL,
hignttjkad.mp4,REAL,
vjjcivyfgq.mp4,REAL,
nekeugsope.mp4,REAL,
yoehsxkbuw.mp4,REAL,
gxtkpbexrm.mp4,REAL,
ubyhbxawde.mp4,REAL,
whneslhtcb.mp4,REAL,
lzgznxucvh.mp4,REAL,
uemwnzdgjl.mp4,REAL,
htaevbtzyq.mp4,REAL,
huczrcdasm.mp4,REAL,
arsipsjhax.mp4,REAL,
zjxdphteym.mp4,REAL,
koftxmwwlw.mp4,REAL,
dipytjuprx.mp4,REAL,
qzbuujgnwh.mp4,REAL,
hfiizhatus.mp4,REAL,
wxovupaocf.mp4,REAL,
leabqicrsg.mp4,REAL,
mskudsvpmn.mp4,REAL,
jtyutxhuhm.mp4,REAL,
tyoajgawsz.mp4,REAL,
vumapsooel.mp4,REAL,
ydvwivmlhk.mp4,REAL,
sskhkmsrxi.mp4,REAL,
wbctcqwbtc.mp4,REAL,
jjzzuodenm.mp4,REAL,
innwilygih.mp4,REAL,
sojapnshoi.mp4,REAL,
jmnxijabzi.mp4,REAL,
vcyybfgytl.mp4,REAL,
ywuxuaxwug.mp4,REAL,
vlijwlulnz.mp4,REAL,
hmjxstsabt.mp4,REAL,
xfvjsztftm.mp4,REAL,
umyqrzpscl.mp4,REAL,
cnhcjnjtvc.mp4,REAL,
lpcqefemsy.mp4,REAL,
ekonqkcioi.mp4,REAL,
yrehvulczu.mp4,REAL,
hfjcusxmqr.mp4,REAL,
xmjmtxpmho.mp4,REAL,
cwkbonbiec.mp4,REAL,
ukheqmmuch.mp4,REAL,
bsdyiglgaw.mp4,REAL,
yfavmkqxat.mp4,REAL,
mzsxjnhjqv.mp4,REAL,
xfkyloxlef.mp4,REAL,
neadqcorwr.mp4,REAL,
xgfudmbojn.mp4,REAL,
ghdpzteruc.mp4,REAL,
qzzamisyuu.mp4,REAL,
iatqmqjpdv.mp4,REAL,
kwvpllescn.mp4,REAL,
gajiicluak.mp4,REAL,
caodevnstn.mp4,REAL,
wqjrefiwmr.mp4,REAL,
tbrsinssyo.mp4,REAL,
lrurnzbpwh.mp4,REAL,
eptxbexmra.mp4,REAL,
qjgnmyjhrt.mp4,REAL,
xxhbjrpyij.mp4,REAL,
zojgamasxi.mp4,REAL,
xrkkjudaks.mp4,REAL,
thvnmktzgq.mp4,REAL,
fkflfsklrg.mp4,REAL,
pzxfnkuwgd.mp4,REAL,
kqiqdulrcu.mp4,REAL,
tjmarccuel.mp4,REAL,
viqqmrojgo.mp4,REAL,
dtijcohbrd.mp4,REAL,
jubgiuyhtj.mp4,REAL,
midhwbxlba.mp4,REAL,
ofrzfyflvt.mp4,REAL,
ghnmjlwvlz.mp4,REAL,
bemrvkpmbw.mp4,REAL,
nfqkknkocy.mp4,REAL,
fumtejbdie.mp4,REAL,
ehfxdpqzyd.mp4,REAL,
mfvcutimfv.mp4,REAL,
evaqaeuhro.mp4,REAL,
nqucugalmj.mp4,REAL,
axrnokhrnk.mp4,REAL,
wgslydpuvf.mp4,REAL,
shopcethfr.mp4,REAL,
foehqvfucz.mp4,REAL,
tflbxeudbx.mp4,REAL,
lgnrjuaofm.mp4,REAL,
kpgecsmtnp.mp4,REAL,
isrneibtsq.mp4,REAL,
xnzwwmioyx.mp4,REAL,
hmikxpbuuk.mp4,REAL,
qfhdvlslyh.mp4,REAL,
xfpcywugzj.mp4,REAL,
crfwqlljtp.mp4,REAL,
bdjhgodhko.mp4,REAL,
kngmznnhuh.mp4,REAL,
ykefxibtdf.mp4,REAL,
adwrokpofy.mp4,REAL,
stqcnfwzrv.mp4,REAL,
sxuuldvhix.mp4,REAL,
ynnjufeezy.mp4,REAL,
lihvznfdxy.mp4,REAL,
nmoclaubes.mp4,REAL,
aiwksstbri.mp4,REAL,
jbmialddyd.mp4,REAL,
esmjycftqj.mp4,REAL,
sukoopilqp.mp4,REAL,
dwsbuqxcbh.mp4,REAL,
wofdncuhbz.mp4,REAL,
rafdiucvur.mp4,REAL,
qrublmrbiv.mp4,REAL,
qhtzfvtlwt.mp4,REAL,
dsluqyohov.mp4,REAL,
vcnvsosfio.mp4,REAL,
smhnjxibov.mp4,REAL,
kzdvzysxmu.mp4,REAL,
vuqjzziyyq.mp4,REAL,
pfvnhmbgfl.mp4,REAL,
yyohndwbjd.mp4,REAL,
uwneubrpkx.mp4,REAL,
ykysqrbthc.mp4,REAL,
merlruunpy.mp4,REAL,
lrykwtbcrx.mp4,REAL,
hjclsojsrp.mp4,REAL,
tyowfefncw.mp4,REAL,
nzenvakksy.mp4,REAL,
fflfnwokgs.mp4,REAL,
pwtmqgnftv.mp4,REAL,
ezkxbqxbam.mp4,REAL,
jkhsuxvoys.mp4,REAL,
zrwavkkujv.mp4,REAL,
fsizfpqyjj.mp4,REAL,
mnvukztgxd.mp4,REAL,
hztyomjumu.mp4,REAL,
jtvlkfcrxj.mp4,REAL,
dwdutnvemt.mp4,REAL,
inlaxnqier.mp4,REAL,
tagfxspakz.mp4,REAL,
quyvmzbeeo.mp4,REAL,
zkeyaqctgr.mp4,REAL,
yzwzekysjq.mp4,REAL,
sclfnvmobn.mp4,REAL,
hannqgvztl.mp4,REAL,
ruiwkrckex.mp4,REAL,
vdzdwdfpjv.mp4,REAL,
orzjfiadvh.mp4,REAL,
eawyztoxbb.mp4,REAL,
ybwjcpognh.mp4,REAL,
ciqgwitsga.mp4,REAL,
amkaqehlum.mp4,REAL,
unywvlbnwl.mp4,REAL,
khfmfrezrx.mp4,REAL,
fhxzowzofb.mp4,REAL,
yxhhjhyxkt.mp4,REAL,
hcmecceshb.mp4,REAL,
oxxefnkmfx.mp4,REAL,
ggqmwmunyd.mp4,REAL,
crimgzxour.mp4,REAL,
xniuxdhzew.mp4,REAL,
vbjajngdsk.mp4,REAL,
rahwlajhjl.mp4,REAL,
vdqlwezaha.mp4,REAL,
